iter	Logloss
0	0.681951206
1	0.66462347
